1000,卜卜口
1001,itorr
1002,toto
1003,wsph123
1004,test
1005,toto
1006,jxtk
1007,Narcissu
1008,枯叶_听海
1009,芥喵
1010,jxtk
1011,叶末见黄昏
1012,椅子文化財団
1013,芥喵
1014,阿狸去旅行
1015,大吉山展望台
1016,阿诺
1017,糕_renger_s
1018,文森
1019,大熊
1020,折木
1021,Kd树上的叶子
1022,不吃肉的鱼
1023,白河愁
1024,neko林喵可
1025,Des1ope
1026,歪比巴卜
1027,Retract3574
1028,pshow
1029,Breeze
1030,文盲最可爱
1031,YuSaZh
1032,丁丁
1033,羽毛
1034,drizzn
1035,drizzn
1036,YuukiAsuna
1037,K
1038,桥梁蜗居
1039,Chimes
1040,xcs
1041,beaeaear
1042,萝可穗
1043,yanato
1044,Z-2
1045,恋
1046,小蒼朝日
1047,纯洁
1048,Alaska Codfish
1049,Famboy
1050,kXrYGeraldine
1051,海浪
1052,ycloudy
1053,ꦿ ひとり࿐
1054,wjjzzd
1055,airneko
1056,Seikai Wong
1057,AmaiAya
1058,Eureka
1059,たかせ
1060,追云和月
1061,Fanneii
1062,端木天凝
1063,南望
1064,爱吃菠萝包吗
1065,真手凛
1066,jiangyin0750
1067,tqyyds
1068,凉宫春日应援团
1069,京都紫菜
1070,瓶子盖
1071,jutnl
1072,Azongzi
1073,月即别
1074,RNRT2983
1075,世界第一托尔厨
1076,归去来兮
1077,鸢部尚书
1078,玖石澪
1079,打草人
1080,凉宫春日应援团
1081,passion
1082,belialling
1083,甜食伯爵
1084,夜猫子
1085,永尾丸子
1086,李琳琳
1087,ゆき
1088,丈八沟观测者
1089,SPPOI
1090,九枭
1091,odeinjul
1092,story
1093,うに
1094,Tor173
1095,MIKAI
1096,cwc
1097,cdnull
1098,runfeng
1099,Xmなのだ
1100,Harphemaen
1101,Billy
1102,TownYan
1103,埋啊埋啊埋
1104,wildgun
1105,圣光
1106,gukedeutsch
1107,darkauir
1108,鸟之诗
1109,鲜于修
1110,kemomi
1111,Lilin
1112,HoshinoSora
1113,sway.v001
1114,Hammond Chan
1115,DI HELLO
1116,Who is 光酒
1117,カレンチャン
1118,面白い
1119,雷
1120,昀离
1121,Efrog
1122,890
1123,轩貅骨纳
1124,hky12138
1125,熊
1126,aira
1127,concert
1128,北执
1129,逆茫
1130,綾地寧々
1131,仓上日向
1132,szkbdneo
1133,木更
1134,LSky
1135,zhangmq
1136,不可溶的碳酸氢盐
1137,Se
1138,42arch
1139,柒宇
1140,Aka
1141,渊渟
1142,HyggeAngelica
1143,windowpain
1144,HSYanger
1145,Sakiko
1146,kamurimoe
1147,SophieC
1148,nanako
1149,qwert123
1150,Ivanhihi
1151,liangle
1152,平泽唯的唯
1153,Hao
1154,樱桃纳米粉
1155,JHAO
1156,wmt
1157,wjh
1158,浅戈
1159,相机电脑
1160,shyq
1161,Connection
1162,果力成
1163,和泉Ciao
1164,uu
1165,lufeibixia
1166,Mere
1167,Léon
1168,王百年
1169,青橙
1170,QB
1171,vcfch843875618
1172,Citazzz
1173,AzusaNyaa
1174,孙笑川
1175,Moon
1176,zhipianfake
1177,七里滨的海滩
1178,风吻
1179,飞飞非菲菲
1180,常坂二乃
1181,Zyglisfer
1182,幽
1183,.
1184,二乃
1185,hanuin
1186,sumicya
1187,骑公路の胶佬
1188,queen
1189,syouta
1190,keith
1191,hjknkko
1192,岛寂恋
1193,EricYan
1194,AKIRA
1195,YAA.
1196,無限
1197,颜清
1198,德云社在逃郭德纲
1199,u仔
1200,阿青
1201,犬来八荒
1202,milk
1203,𝕻𝖍𝖔𝖊𝖓𝖎𝖝
1204,堡饱
1205,Nemsy
1206,mashiro
1207,千堂酱
1208,凸守中律
1209,折木八幡desu
1210,花絮雨
1211,花絮雨
1212,&
1213,酒饼叶
1214,涵子
1215,哥布林
1216,爱莉
1217,文珏
1218,1
1219,Jun
1220,in
1221,龚力
1222,wcj
1223,惏
1224,Yuki
1225,K-ON
1226,7月の翼
1227,硝子
1228,lllli
1229,7
1230,zhangzheng
1231,湾湾
1232,Hooi
1233,知弈
1234,江琉一
1235,怎么肥西
1236,余江南
1237,马嘉祺
1238,魔影
1239,oLo
1240,余温
1241,L
1242,nill
1243,苏
1244,苏
1245,L
1246,zswnb.
1247,佐薙圣
1248,konglizi
1249,涂山山
1250,伊蕾娜
1251,礼赞
1252,啦啦啦
1253,Nnmmbb
1254,大乁乁
1255,奕泠
1256,菓物です
1257,盒盒
1258,溺水冬也
1259,和真案
1260,ziqi
1261,dong
1262,love
1263,七濑遥
1264,Cxinuu
1265,谁知道
1266,王
1267,拉姆
1268,招印
1269,benben014
1270,charlotte22
1271,中沢唯
1272,皮蛋
1273,2185516779
1274,linlinnai
1275,忆梦
1276,小臣
1277,冈伦
1278,长脖先生.
1279,格兰雅尔
1280,000
1281,Sean
1282,思考思考
1283,解西亚
1284,无能青年露宿
1285,crystal
1286,张博文
1287,鱼🐟
1288,wanby
1289,云
1290,午觉
1291,uu
1292,shs
1293,Ss
1294,风屿
1295,Kousaka_Z
1296,cr1337"><h1>
1297,淦饭人
1298,H
1299,妙脆角
1300,viki
1301,Wanan
1302,Sakura
1303,lsy.
1304,刚回家
1305,没有问题
1306,额额
1307,ILLU
1308,白山茶
1309,霁
1310,伪ぢ
1311,追云和月
1312,Oyst3r
1313,私斋
1314,xxme
1315,Pikk_pp
1316,杀猪饲料
1317,小z
1318,t t
1319,jojo
1320,露露
1321,revo
1322,暗之精灵王
1323,FDSDV
1324,傻女
1325,野
1326,每天六点要睡觉
1327,D is
1328,wencong
1329,hanyu
1330,zxz
1331,hjh
1332,SH01K
1333,考拉考拉
1334,绘梨衣
1335,yzz
1336,akira
1337,虎子
1338,月下
1339,时屿川昊
1340,woxinhui
1341,qiu
1342,.
1343,狄拉克之
1344,Shiki Natsume
1345,萤火虫
1346,gdjd
1347,zzh
1348,caherle
1349,比企古八幡
1350,老妖精
1351,君墨安
1352,Koyomi
1353,玥_
1354,希
1355,Acsend
1356,小兔子乖乖
1357,ISAKA
1358,Szk铃🔔
1359,爱
1360,chen123456
1361,XLxl
1362,kk
1363,戴健豪
1364,琳
1365,百合
1366,赵昊昊小朋友
1367,匿名的专辑
1368,Le Mat
1369,渝惹
1370,目玉焼き
1371,心底有个枇杷
1372,安寒
1373,520
1374,知世
1375,小言
1376,liujie
1377,Miya
1378,licoco
1379,史德运
1380,牧濑红莉栖
1381,wangyechina
1382,BOCCHI
1383,6666666666
1384,海上的忍者
1385,X
1386,左啊啊啊啊
1387,刚发的大晚上
1388,えんすい
1389,mio
1390,战场原
1391,J
1392,g
1393,Tycc3987
1394,Leven
1395,然
1396,淅洛
1397,4EVA
1398,利息
1399,Aliceee
1400,无敌J
1401,Kirschblute
1402,菜头
1403,Bella
1404,ピザ
1405,巽
1406,11
1407,yhk
1408,R7
1409,小小
1410,apye
1411,如果你想看冰岛的雪
1412,以昼之名
1413,ikun
1414,janie
1415,梓念
1416,笑川
1417,鸡
1418,雪眠yi
1419,多巴胺
1420,yry
1421,Wh1te
1422,小熊苋芪
1423,脚蹼
1424,Kirito
1425,栀栀
1426,ADoretheall
1427,jxj620
1428,takumi
1429,mio
1430,怜
1431,Fezzz
1432,1
1433,yahalou
1434,绫波丽
1435,ttt
1436,。
1437,零零嘴吐泡泡
1438,man
1439,addr_0xffff
1440,闹钟
1441,叫兽林
1442,yumi
1443,就看看
1444,dkl
1445,luyang
1446,L-17
1447,koixr
1448,李
1449,我
1450,很尴尬
1451,爱意几经秋
1452,陌雪三岁了
1453,hdq
1454,尼尼
1455,王也
1456,さかな豆腐—🍢
1457,团不过雪乃
1458,19566784736
1459,JX
1460,玄墨染
1461,空气君
1462,111eave
1463,秋刀鱼
1464,四五
1465,雨伞
1466,喵
1467,云居
1468,Lucifer Jiang
1469,更古利剑
1470,七七
1471,meng
1472,lanx
1473,Yuu
1474,zon
1475,籽籽
1476,吴
1477,里脊
1478,DokiNing
1479,浔
1480,热水cccc
1481,Loser
1482,私だけの世界
1483,橙子
1484,博羽
1485,无
1486,vhagh
1487,棠愈
1488,wx
1489,喵帕斯
1490,群星
1491,你好
1492,manchi
1493,枣子
1494,溪一
1495,随缘
1496,那么
1497,FullSun
1498,十二の海
1499,诗
1500,简
1501,唐琳慧
1502,让幸福具象化
1503,告别ri落
1504,lll
1505,故舒
1506,³H
1507,JiaMu
1508,wen
1509,三つ葉
1510,淋雨痕
1511,水原织终
1512,墨鹤
1513,宋慕煜
1514,深度家
1515,王子昕
1516,11
1517,冬天
1518,年糕
1519,t
1520,question
1521,hhh
1522,零奈
1523,hatsunemiku
1524,mou
1525,小雅
1526,826113
1527,Elysia
1528,唐泽雪穗
1529,Itsuki
1530,mumu0218
1531,恒
1532,qi^7
1533,零白
1534,xiaotang
1535,YJY
1536,blue
1537,111
1538,Q66
1539,夜白
1540,five
1541,金小尘
1542,绊倒铁盒
1543,Annabel
1544,wu
1545,Lily
1546,灵
1547,Qwer
1548,爱吃冰淇淋
1549,xiaoni
1550,YUN
1551,靳
1552,汇为
1553,舟
1554,iu
1555,Toclt
1556,樱岛麻衣
1557,依人枭
1558,祙
1559,YXXKk
1560,茶言七七
1561,大风
1562,atsumu
1563,wwn1314
1564,阿沧
1565,小尘埃
1566,Horobiiiii
1567,佐藤瑠雅
1568,明戒
1569,shellly
1570,柏林
1571,KICKBACK
1572,Naruto
1573,oo兜兜冇糖
1574,可以宅死吗喵
1575,Eren
1576,凛
1577,凛
1578,飞猫
1579,H ai n
1580,buter
1581,多川
1582,鹤余
1583,时安
1584,芜湖
1585,鲜葱
1586,kossmn
1587,wdzgdw
1588,律
1589,小吱
1590,一只飞天小蟑螂
1591,凪郗
1592,野原广志lg
1593,草履虫
1594,kurisu
1595,成成
1596,离
1597,Rin Matsuoka
1598,westboysk
1599,乔小治
1600,J
1601,。
1602,太宰
1603,Yi
1604,抽纸
1605,Lovewinder
1606,哈哈哈
1607,att
1608,陈
1609,七星
1610,iWatchtheMoon
1611,阴天
1612,九别
1613,gu
1614,紫一心悦你
1615,Ruehdhjfj
1616,axly
1617,萧蛋挞
1618,林梓.
1619,白
1620,栀子
1621,午饭
1622,玮可可
1623,阿渊
1624,此案轩胜
1625,未闻六花名
1626,はやらはまた
1627,曲尤
1628,小sybtqyy
1629,纪欣妤
1630,mxs
1631,加纳
1632,大福sansan
1633,Young屹
1634,天河入梦
1635,最初.
1636,迷君颜
1637,最初
1638,minmin
1639,ssss
1640,很好吃
1641,三三得玖
1642,kgjlpu
1643,Safiya
1644,玄翦
1645,狂三
1646,山鬼
1647,冰缘
1648,ethannnn
1649,伊塔库亚
1650,nangpengyou
1651,沈怜清
1652,刘
1653,zzz
1654,16464
1655,加勒比海藻
1656,沐枫
1657,jeisen
1658,SAO
1659,dznb
1660,Paoke
1661,顾北照南
1662,六花
1663,何涛
1664,lixiao
1665,不吃糖
1666,Bcyuu
1667,冕樱
1668,总力打不过ins
1669,MRFLFY
1670,が
1671,fu
1672,re希林
1673,一個人的浪man
1674,和我
1675,微微酱
1676,微微酱
1677,烤肠
1678,ナギサ
1679,金珍妮
1680,荠
1681,Xyp9x
1682,Azusa
1683,呆唯
1684,歪比巴卜
1685,南宇大大
1686,莫论秋心愁
1687,P
1688,音莉
1689,月
1690,鲁鲁修
1691,小椰
1692,Illwfylt
1693,香风博士
1694,佳鱼
1695,冬二秋
1696,Sakura
1697,MoeTo_OkilL
1698,余
1699,ʌ_ʌ
1700,草鱼刀
1701,kiki
1702,箬叶鸟
1703,饿肚史莱姆
1704,宫鹤堂名
1705,w
1706,淞
1707,姜小满
1708,昂
1709,无谓
1710,卷卷
1711,q
1712,琪雲
1713,kaffka
1714,koki
1715,kk
1716,满船清梦压星河
1717,风满楼
1718,hui
1719,赵雅欣
1720,233
1721,1
1722,SPhero
1723,洛桐
1724,Neopolitan
1725,sjnn
1726,yqs
1727,ISAKA
1728,凉桃芙
1729,月华
1730,宅久
1731,kn1ght
1732,UnkNow404
1733,辛玖
1734,Ck
1735,折木奉太郎
1736,Xenon丸子头
1737,Icy
1738,jiu
1739,西门邪
1740,jhbb
1741,07
1742,小f
1743,wzx
1744,雪风
1745,梓
1746,Liu
1747,junmer
1748,恒阳
1749,冰冰
1750,万象结界
1751,孤光明谷
1752,安
1753,Hanii
1754,Henry
1755,linlegeyu1
1756,绫紴
1757,adamm160122
1758,zzy
1759,mdfk
1760,初音未来的大鼻嘎
1761,欣泰
1762,123
1763,马
1764,维司
1765,kkskkksk
1766,素质
1767,臭兵
1768,wen
1769,家家
1770,亻
1771,希意
1772,啊凛子
1773,临江仙
1774,徐
1775,Smelk
1776,太上布衣
1777,111
1778,Asuka
1779,有三必有玖
1780,问问
1781,mhr
1782,5发VS反函数
1783,砦桜
1784,％
1785,桉.
1786,零貳_
1787,凌霜
1788,归宿
1789,呃呃呃
1790,霖
1791,LXF
1792,峻
1793,1
1794,額額狐仙額額
1795,liangzhouci
1796,黎沂
1797,义
1798,祈
1799,：：
1800,冯
1801,zyz
1802,翻斗花园突破手
1803,柠檬与少年
1804,Dong
1805,玩玩
1806,hshsh
1807,kkzz
1808,团长你就是个坤吧
1809,萧盼盼
1810,Fantasy
1811,satour
1812,黑磯
1813,cn 阿研
1814,爱是订书机.
1815,小星西雾
1816,117
1817,小鳥⁨遊六花
1818,爱的次元
1819,唐古拉山上的狗
1820,Tobby
1821,夕
1822,自在
1823,EvesDella
1824,ojhv
1825,拆你丝批泡
1826,Miku
1827,lzw
1828,唱歌刺激
1829,三笠
1830,乙骨忧太
1831,万金油创始人
1832,我喜欢四周恋人
1833,Akueito
1834,杨浩
1835,すき
1836,yuanqi
1837,jesus
1838,千禧
1839,.
1840,空白
1841,北の春
1842,小
1843,sweetfox
1844,grimnir
1845,三戒
1846,六花酱
1847,过去
1848,友友
1849,小马
1850,6
1851,1
1852,悲伤的村捞
1853,AKANE
1854,91
1855,chenqi
1856,中午
1857,gvv
1858,馬
1859,俊淇帝
1860,春日野穹
1861,lzy
1862,阿蜞
1863,保源
1864,Elohim
1865,一米二
1866,111
1867,阿亞塔
1868,长颈鹿
1869,jaker
1870,何上
1871,～
1872,七草荠
1873,风没停
1874,咕咕咕114514
1875,T-Hoshino
1876,邱遛邱
1877,123
1878,私斋大王
1879,无
1880,菲尔
1881,HeiQiy1hUh
1882,えいめい
1883,咩太
1884,邱邱
1885,中野三玖
1886,秋秋
1887,liuyuchen
1888,你好
1889,风
1890,2431
1891,ddd
1892,hdjshs
1893,大学生
1894,Z
1895,SLOYHZVEJY
1896,山里沈
1897,任所妄
1898,道㟰山
1899,小陈
1900,TQ
1901,东海帝皇
1902,Pluto
1903,mad scientist
1904,礼拜三
1905,临危不惧
1906,雪
1907,玥
1908,妄诚何
1909,guanwei
1910,马龙含
1911,酒精喷雾
1912,夏の终止
1913,零影
1914,御影玲王
1915,星
1916,卢建军
1917,鹤一
1918,cbk
1919,小哀
1920,空
1921,飞飞飞
1922,dfggfg
1923,发几个的
1924,dhudhr
1925,早夜
1926,wl
1927,五条
1928,renlimin
1929,∧∧喵喵
1930,三玖玖玖玖玖玖
1931,兮月
1932,刘
1933,lve
1934,zheng
1935,歌人
1936,啊哈
1937,g
1938,L
1939,1
1940,shenyr
1941,231321
1942,阿修
1943,符号
1944,张
1945,芙芙
1946,sylus
1947,Yess
1948,弥须
1949,樱花心
1950,海棠
1951,yy
1952,小愿
1953,新-名-字～
1954,。
1955,诗雅第一
1956,........
1957,龙
1958,6
1959,空条赤土
1960,靓77
1961,sugar
1962,独立女动态图
1963,嘿嘿
1964,栀
1965,爱好
1966,落雪
1967,ranbei
1968,菊香
1969,暗星
1970,千冬
1971,Jiaying
1972,悟空
1973,japjapjaps
1974,114514
1975,PCsensei
1976,音之
1977,芹菜
1978,白夜
1979,玉泽
1980,奈奈酱
1981,鸿湖辜
1982,Ldws
1983,不知名人士
1984,sdfxc
1985,五条
1986,韩一粥
1987,大宝剑
1988,朿宅
1989,杨
1990,hoi
1991,miku
1992,一只飞天小蟑螂
1993,rhv
1994,yu
1995,咲夜
1996,友利奈绪
1997,陈平安
1998,钟优
1999,yggsj
2000,思念作祟
2001,是
2002,急救包
2003,山萤
2004,Jason
2005,望心春
2006,尘
2007,有病才活着。
2008,王佳野
2009,zyz
2010,nike
2011,千风之声
2012,不好好
2013,666
2014,ekjsjs
2015,mikey
2016,林瑾洛
2017,ghhehshs
2018,王Sir
2019,liusit
2020,-E
2021,1
2022,豆豆
2023,KingJio
2024,秋棠
2025,Aaron
2026,王木同
2027,okk
2028,籠繺の瞹請無
2029,语
2030,yuqi
2031,1
2032,Sola
2033,冬季
2034,0cia_
2035,8454
2036,拉拉
2037,JO鲁诺
2038,冰冰
2039,影
2040,柴郡不是猫
2041,ppwqymr
2042,湖南彭于晏
2043,思於欣
2044,nn
2045,minato
2046,宅在家里
2047,ahhd
2048,兲殤拰
2049,自作自受的灾难
2050,4
2051,旅者
2052,雾
2053,wxz
2054,Rebekah
2055,LingQi
2056,6666
2057,顾
2058,花谢
2059,施谊
2060,芙厨
2061,欣宇居居
2062,⁺✞ʚ重度依赖ɞ✟
2063,花泽悠
2064,波奇
2065,三玖
2066,qqq
2067,。
2068,牢寒
2069,没有
2070,冰沫
2071,QF
2072,去阿萨德
2073,Junn
2074,王启超
2075,走路
2076,阿可
2077,武昌府
2078,yyub
2079,辛尚伶
2080,不怕寒
2081,666
2082,雾眠气泡水
2083,冬灼
2084,1111
2085,fang
2086,hjdddzaa
2087,Jaclyn
2088,花昭
2089,jojo
2090,Nakano Prisma
2091,小反
2092,Weneday
2093,芭芭拉
2094,来
2095,idangyang
2096,心悍
2097,iscream
2098,Nelson
2099,小funny
2100,倾城如菇
2101,Jeleey
2102,Colorai
2103,kami
2104,GhostFinal
2105,a503569727
2106,gyakkun
2107,斑马还没有睡
2108,MamboJiang
2109,binz
2110,secretguardian
2111,双叶理央
2112,Asteroid
2113,McNEET
2114,So歪
2115,Akihasakana
2116,言
2117,ZCHY
2118,木子角丝嘉
2119,now
2120,abcd
2121,niga
2122,free
2123,Younten
2124,清江河源
2125,人机
2126,昵称
2127,真白
2128,LovelySummer Channel
2129,瓦特
2130,喔喔酱
2131,kimmich
2132,sjjs
2133,爱硕炫
2134,纯爱无敌
2135,书蠹诗魔
2136,lilinze17
2137,seviyz
2138,快去睡觉吧
2139,罪の源
2140,a748786757
2141,Koucya
2142,星宫莓
2143,SkyieLovk48
2144,塔
2145,布束砥信
2146,白墨
2147,二二
2148,耿耿-げん
2149,Mark_kevin77
2150,concert
2151,绪山真寻
2152,智者
2153,大耗子先生
2154,Misaka14658
2155,陈启莱
2156,IPP
2157,蛙壶真君
2158,咕噜噜
2159,nanjobj
2160,RDIO
2161,kono
2162,蓝楹花
2163,saku
2164,key
2165,叶绿体
2166,奈绪的遗憾
2167,baka
2168,甜食伯爵
2169,我永远爱AN94
2170,yellow
2171,英仙座的夏空
2172,赛文C
2173,Azusa
2174,lijiaxuan
2175,明谷akaya
2176,Niamos!
2177,diyeego
2178,炭炭
2179,qingwan
2180,blackcatxh
2181,みお~
2182,利矩
2183,澄蔦
2184,yusuke135
2185,村雨
2186,enldm
2187,舞影一诺
2188,陌陌
2189,陌陌
2190,火柴
2191,末日晴空SR
2192,suichan1oshi
2193,ratte
2194,雨音
2195,落雪鸦杀
2196,初晨
2197,checkyoursignal
2198,Elm
2199,凌陌
2200,嵯峨
2201,兰陌_逾九天
2202,MikiEteRiRi
2203,蛐蛐sora
2204,堇上矜
2205,采钦佩
2206,calmコム
2207,JR
2208,Sora
